JobTitle,Company,Location,PostDate,ExtractDate,Summary,JobUrl
Software Developer Intern (8 Months),IBM,"Markham, ON",2 days ago,2021-05-07,"As a full-stack cloud developer, you will be learning and applying full-stack skills for developing cloud applications.
To think along with clients and sell.",https://ca.indeed.com/rc/clk?jk=4ab50474ddbdaaee&fccid=de71a49b535e21cb&vjs=3
Cloud Developer Intern,Speridian Technologies,"Toronto, ON",2 days ago,2021-05-07,"Develop custom Java/JavaScript/.net code and accompanying unit tests to extend the functionalities of the software.
Work on leading Cloud SaaS platforms.",https://ca.indeed.com/company/Speridian-Technologies/jobs/Cloud-Developer-Intern-b4acd6327602130d?fccid=c8fb6badbb0ec599&vjs=3
Software Engineer Intern (4 months),IBM,"Toronto, ON",10 days ago,2021-05-07,"Minimum of 2 work-terms in a software engineering role.
Interest in applied data science and keeping up with the latest advancements in software engineering.",https://ca.indeed.com/rc/clk?jk=3e2639c49b407821&fccid=de71a49b535e21cb&vjs=3
"Software Developer, Fall 2021 (Co-op/Internship) - 4 Months",BMO Financial Group,"Toronto, ON",1 day ago,2021-05-07,"Works toward the objective of defect free software.
Writes, configures, and integrates code to create the software that aligns with architecture patterns and…",https://ca.indeed.com/rc/clk?jk=c6a26bfa45d09b21&fccid=3a429036b3725efa&vjs=3
Portfolio Analytics Developer Intern/Co-op,TD Bank,"Toronto, ON",4 days ago,2021-05-07,"Familiarity with software development in a Linux-based environment.
Lunch and Learns on topics such as Innovation.
REST API's, MVC frameworks.",https://ca.indeed.com/rc/clk?jk=4947dd70fb894391&fccid=d7114f1cac8d0711&vjs=3
"Software Developer, Fall Student 2021 Opportunities",RBC,"Toronto, ON",4 days ago,2021-05-07,"Collaborate with peers to develop code in line with strategic initiatives, as well as develop, troubleshoot, enhance, and document components, as per the…",https://ca.indeed.com/rc/clk?jk=5d93436fe01ca5c5&fccid=537b899e30af3338&vjs=3
Front End Developer Intern,LeapGrad Corp.,"Toronto, ON",4 days ago,2021-05-07,You will play a key role in resolving various front end bugs including cross compatibility amongst various browsers and operating systems.,https://ca.indeed.com/company/RatherME-Inc./jobs/Front-End-Developer-Intern-f8905131595a32f4?fccid=0c87ce73104a1e6d&vjs=3
Developer Intern/Co-op,TD Bank,"Toronto, ON",4 days ago,2021-05-07,"Lunch and Learns on topics such as Innovation.
Assist in the development/maintenance of comprehensive processes for prevention of issues and participate in…",https://ca.indeed.com/rc/clk?jk=13c1ccd5d97ddaed&fccid=d7114f1cac8d0711&vjs=3
Salesforce Developer Intern,Speridian Technologies Canada,"Toronto, ON",10 days ago,2021-05-07,"The idea is to train interns for the period of 3 months and hire them as full-time permanent employees afterwards.
O Writing efficient database queries.",https://ca.indeed.com/company/Speridian-Technologies-Canada/jobs/Salesforce-Developer-Intern-76b5e1f26fe24b78?fccid=c3969586fbd691ba&vjs=3
"SIS Application, Compliance, and Test Developer Intern (16 months)",IBM,"Markham, ON",6 days ago,2021-05-07,"To think along with clients and sell.
This position resides in Markham, Ontario and is a 16-month work term commencing May 2021.",https://ca.indeed.com/rc/clk?jk=0965277ab3ff59e7&fccid=de71a49b535e21cb&vjs=3
Front End Developer Intern (4 months),IBM,"Toronto, ON",14 days ago,2021-05-07,"Familiarity with Apple’s device provisioning and developer portal as well as Instruments and the Xcode debugger.
To think along with clients and sell.",https://ca.indeed.com/rc/clk?jk=6bea75d1e6b7921a&fccid=de71a49b535e21cb&vjs=3
Payments Innovation Developer Intern/Co-op,TD Bank,"Toronto, ON",4 days ago,2021-05-07,"Lunch and Learns on topics such as Innovation.
Our team is focused on payments strategy, market POCs and FinTech investment due diligence.",https://ca.indeed.com/rc/clk?jk=f1902f1facb10772&fccid=d7114f1cac8d0711&vjs=3
Software Developer Intern,Konrad,"Toronto, ON",30+ days ago,2021-05-07,"Participate in code review and performing extensive testing to ensure high quality software.
As a Software Developer Intern you'll be paired up with a mentor…",https://ca.indeed.com/rc/clk?jk=4e91850897470054&fccid=0d0aa2b77d8a011b&vjs=3
Embedded Graphics Software Engineer Intern,Facebook,"Toronto, ON",13 days ago,2021-05-07,"Facebook's mission is to give people the power to build community and bring the world closer together. Through our family of apps and services, we're building…",https://ca.indeed.com/rc/clk?jk=994a6c0b25059720&fccid=1639254ea84748b5&vjs=3
"Backend Developer, Co-op",Prodigy Game,"Toronto, ON",2 days ago,2021-05-07,"You will experience every aspect of software development from design to deployment.
You will participate in agile sprint planning, estimation and review…",https://ca.indeed.com/rc/clk?jk=9384754192f8537f&fccid=d1efe82d87f0681f&vjs=3
Full Stack Developer - Speer Internship,Speer Technologies,"Toronto, ON",3 days ago,2021-05-07,"Testing software applications and patches.
Coding and debugging software applications,.
Work with frontend developers on the integration of application elements…",https://ca.indeed.com/company/Speer-Technologies/jobs/Full-Stack-Developer-c2930cf63a0ba96a?fccid=0b1ed6ad462c5dd4&vjs=3
IoT & AI Developer Intern (4 months),IBM,"Toronto, ON",9 days ago,2021-05-07,"Develop custom machine learning algorithms using both IBM Watson and open source Deep Learning, CNNs, and Computer Vision software.",https://ca.indeed.com/rc/clk?jk=ddf00e8033798ba7&fccid=de71a49b535e21cb&vjs=3
Consulting - Customer & Applied Design - Fall Co-op 2021 - Opportunities Across Canada,Deloitte,"Toronto, ON",4 days ago,2021-05-07,"Currently enrolled in co-op/intern post-secondary degree program, and returning to school following completion of this co-op term, pursuing Computer Science, IT…",https://ca.indeed.com/rc/clk?jk=c97d8b5c801f20ee&fccid=9e215d88a6b33622&vjs=3
Developer (Co-op/Intern),Property Vista,"Toronto, ON",30+ days ago,2021-05-07,"Knowledge of Java web-based application and software design.
You will be responsible for providing your expertise in the full development lifecycle from the…",https://ca.indeed.com/rc/clk?jk=ac7bf43ccd179a74&fccid=1000d4cddf9c5847&vjs=3
Developer (CO-OP/INTERN),Property Vista Software Inc.,"Toronto, ON",30+ days ago,2021-05-07,"Knowledge of Java web-based application and software design.
You will be responsible for providing your expertise in the full development lifecycle from the…",https://ca.indeed.com/rc/clk?jk=72609bd289038c96&fccid=61c9ed84912edb72&vjs=3
Fall 2021 Backend Developer Internship,Shopify,"Toronto, ON",6 days ago,2021-05-07,"Shopify internships are 4 and 8 month paid terms, and are open to students, co-ops, recent graduates and those early on in their development careers.",https://ca.indeed.com/rc/clk?jk=22725c9084546851&fccid=d5a5824be27ba831&vjs=3
Software Engineer Co-op,Clearco,"Toronto, ON",3 days ago,2021-05-07,"Delivering working software in an agile environment with weekly sprints.
Gathering technical requirements, software designs, development, QA and deployment.",https://ca.indeed.com/rc/clk?jk=b4ea66aa93beb271&fccid=4799ed9185c0edc2&vjs=3
Software Developer Intern,Utradea Inc,"Scarborough, ON",12 days ago,2021-05-07,"We’re looking for a software developer who is enthusiastic about financial markets, web app design, and programming.
Problem solving is in our DNA.",https://ca.indeed.com/company/Utradea/jobs/Software-Developer-Intern-d4e42864684eb550?fccid=867483b7585f16ef&vjs=3
Co-op Fall 2021: IT & Web Developer Coordinator,FANIQUE Group,"Toronto, ON",3 days ago,2021-05-07,"Collaborating with developers to implement new web features..
In-depth knowledge of software prototyping and UX design tools..
Temporarily due to COVID-19.",https://ca.indeed.com/company/FANIQUE-Inc./jobs/Op-Fall-044ef7bf497a2f79?fccid=5a535e3e9143a66e&vjs=3
Fall 2021 Frontend Developer Internship,Shopify,"Toronto, ON",8 days ago,2021-05-07,"Shopify internships are 4 and 8 month paid terms, and are open to students, co-ops, recent graduates and those early on in their development careers.",https://ca.indeed.com/rc/clk?jk=faad43710c9e3b1a&fccid=d5a5824be27ba831&vjs=3
Software Engineer - Intern,Bitcoin Bay Corp,"Toronto, ON",30+ days ago,2021-05-07,"If possible, we will help you get school credit.*.
Collaborate with Product Designers, Product Managers, and Software Engineers to deliver compelling user…",https://ca.indeed.com/company/Bitcoin-Bay/jobs/Software-Engineer-63b97edd66985984?fccid=2041cb1e2b3ee7d7&vjs=3
Machine Learning Engineer Intern (4 months),IBM,"Toronto, ON",9 days ago,2021-05-07,"Develop custom machine learning algorithms using both IBM Watson and open source Deep Learning, CNNs, and Computer Vision software.",https://ca.indeed.com/rc/clk?jk=aeb3c2aea6d6fcb3&fccid=de71a49b535e21cb&vjs=3
"Software Engineer – Designer Developer (PHP, MySQL, CSS, HTML)",Internet Stores Network,"Markham, ON",15 days ago,2021-05-07,"Develops software and scripts that are scalable and work well under continuous calls.
This position is a paid internship that can lead to part time and/or full…",https://ca.indeed.com/rc/clk?jk=adf5c7b5e9cfc257&fccid=bb36f5d7e4d433ee&vjs=3
"Intern - Programmer Analyst, Enterprise Architecture and Emerging Technology (4 Month contract)",Ontario Teachers' Pension Plan,"Toronto, ON",3 days ago,2021-05-07,"Enhance your skills in microservices and cloud architecture.
Explore, research, build, and evaluate solution prototypes based on various technologies and…",https://ca.indeed.com/rc/clk?jk=2478b48ba382cc02&fccid=17bf781939cc1c3e&vjs=3
Fall 2021 Data Developer Internship,Shopify,"Toronto, ON",6 days ago,2021-05-07,"Shopify internships are 4 and 8 month paid terms, and are open to students, co-ops, recent graduates and those early on in their development careers.",https://ca.indeed.com/rc/clk?jk=0fd96504ed017895&fccid=d5a5824be27ba831&vjs=3
Full Stack Developer - Fall Co-op,Ada Inc.,"Toronto, ON",30+ days ago,2021-05-07,"We’re an ambitious global team that enables businesses around the world to provide incredible customer experience.
Operations: Kubernetes running on AWS.",https://ca.indeed.com/rc/clk?jk=b71e41c956ca053d&fccid=d67c696a16671a91&vjs=3
"Full Stack Developer (Memberships), Co-op",Prodigy Game,"Toronto, ON",2 days ago,2021-05-07,"You will experience every aspect of software development from design to deployment.
In the last nine years, Prodigy Education has grown from 3,000 local users…",https://ca.indeed.com/rc/clk?jk=68de15b515ae29ef&fccid=d1efe82d87f0681f&vjs=3
"Full Stack Developer (Education), Co-op",Prodigy Game,"Toronto, ON",2 days ago,2021-05-07,"You will experience every aspect of software development from design to deployment.
In the last nine years, Prodigy Education has grown from 3,000 local users…",https://ca.indeed.com/rc/clk?jk=669b0e6e52c48aed&fccid=d1efe82d87f0681f&vjs=3
Web Developer (Summer Student),Butterfly Beads,"Toronto, ON",15 days ago,2021-05-07,"We are seeking a motivated Shopify developer/ Web developer to bring new ideas and implement changes onto our website.
Job Length: May 2021 - August 2021.",https://ca.indeed.com/company/Butterfly-Beads/jobs/Web-Developer-4e8a4ad3bf2a0016?fccid=600a51258c9b8d50&vjs=3
Co-op Fall 2021: IT & Web Developer Coordinator,FANIQUE Group,"Toronto, ON",3 days ago,2021-05-07,"Collaborating with developers to implement new web features..
In-depth knowledge of software prototyping and UX design tools..
Temporarily due to COVID-19.",https://ca.indeed.com/company/FANIQUE-Inc./jobs/Op-Fall-044ef7bf497a2f79?fccid=5a535e3e9143a66e&vjs=3
Machine Learning Engineer Intern (4 months),IBM,"Toronto, ON",9 days ago,2021-05-07,"Develop custom machine learning algorithms using both IBM Watson and open source Deep Learning, CNNs, and Computer Vision software.
What about all of these?",https://ca.indeed.com/rc/clk?jk=aeb3c2aea6d6fcb3&fccid=de71a49b535e21cb&vjs=3
Hosting a Co-op Student for Software Development Support,Software Merchant Inc,"Toronto, ON",23 days ago,2021-05-07,"Software Merchant, Inc has worked in software development overseas has experience with:
Software Merchant, Inc. is looking to do a full-time 4 month internship…",https://ca.indeed.com/company/Software-Merchant-Inc./jobs/Hosting-Op-Student-Software-Development-Support-fa622572734e904d?fccid=f3e982db998f0474&vjs=3
Internship Web Designer and Front End Developer,Conet-Tech,"Toronto, ON",30+ days ago,2021-05-07,"As an ideal candidate, you have the following qualifications:
Proficient in Creating Mockups, Enhancing Logos/designs/Images.",https://ca.indeed.com/rc/clk?jk=5f5e5767b0b4c150&fccid=ec891e6f4d3161e5&vjs=3
Web Application Developer CO-OP,Smart Ecom Tech,"Mississauga, ON",14 days ago,2021-05-07,"This position is for co-op students in a recognized co-op program looking for a Q3/Q4 placement.*.
Smart Ecom Tech operates a number of eCommerce apps and…",https://ca.indeed.com/company/Smart-Ecom-Tech/jobs/Web-Application-Developer-Op-123ad3793045204a?fccid=a44978863a7f3ec5&vjs=3
